[
  {
    "contributors": null,
    "coordinates": null,
    "created_at": "Wed Mar 08 14:34:42 +0000 2017",
    "entities": {
      "hashtags": [
        {
          "indices": [
            91,
            105
          ],
          "text": "SheInspiresMe"
        }
      ],
      "media": [
        {
          "display_url": "pic.twitter.com/8mKqUgaOhK",
          "expanded_url": "https://twitter.com/Twitter/status/839484527537876992/video/1",
          "id": 839482280460505088,
          "id_str": "839482280460505088",
          "indices": [
            106,
            129
          ],
          "media_url": "http://pbs.twimg.com/media/C6ZydCZU0AAW6Ot.jpg",
          "media_url_https": "https://pbs.twimg.com/media/C6ZydCZU0AAW6Ot.jpg",
          "sizes": {
            "large": {
              "h": 720,
              "resize": "fit",
              "w": 1280
            },
            "medium": {
              "h": 675,
              "resize": "fit",
              "w": 1200
            },
            "small": {
              "h": 383,
              "resize": "fit",
              "w": 680
            },
            "thumb": {
              "h": 150,
              "resize": "crop",
              "w": 150
            }
          },
          "type": "photo",
          "url": "https://t.co/8mKqUgaOhK"
        }
      ],
      "symbols": [],
      "urls": [],
      "user_mentions": [
        {
          "id": 2328002822,
          "id_str": "2328002822",
          "indices": [
            76,
            89
          ],
          "name": "Twitter Women",
          "screen_name": "TwitterWomen"
        }
      ]
    },
    "extended_entities": {
      "media": [
        {
          "additional_media_info": {
            "description": "",
            "embeddable": true,
            "monetizable": false,
            "title": ""
          },
          "display_url": "pic.twitter.com/8mKqUgaOhK",
          "expanded_url": "https://twitter.com/Twitter/status/839484527537876992/video/1",
          "id": 839482280460505088,
          "id_str": "839482280460505088",
          "indices": [
            106,
            129
          ],
          "media_url": "http://pbs.twimg.com/media/C6ZydCZU0AAW6Ot.jpg",
          "media_url_https": "https://pbs.twimg.com/media/C6ZydCZU0AAW6Ot.jpg",
          "sizes": {
            "large": {
              "h": 720,
              "resize": "fit",
              "w": 1280
            },
            "medium": {
              "h": 675,
              "resize": "fit",
              "w": 1200
            },
            "small": {
              "h": 383,
              "resize": "fit",
              "w": 680
            },
            "thumb": {
              "h": 150,
              "resize": "crop",
              "w": 150
            }
          },
          "type": "video",
          "url": "https://t.co/8mKqUgaOhK",
          "video_info": {
            "aspect_ratio": [
              16,
              9
            ],
            "duration_millis": 33951,
            "variants": [
              {
                "bitrate": 2176000,
                "content_type": "video/mp4",
                "url": "https://video.twimg.com/ext_tw_video/839482280460505088/pu/vid/1280x720/rS7ig3r5HuqcVaYQ.mp4"
              },
              {
                "bitrate": 832000,
                "content_type": "video/mp4",
                "url": "https://video.twimg.com/ext_tw_video/839482280460505088/pu/vid/640x360/asbxgQmt2CaaIj6L.mp4"
              },
              {
                "content_type": "application/x-mpegURL",
                "url": "https://video.twimg.com/ext_tw_video/839482280460505088/pu/pl/oVpOAJ84aPAnGE00.m3u8"
              },
              {
                "bitrate": 320000,
                "content_type": "video/mp4",
                "url": "https://video.twimg.com/ext_tw_video/839482280460505088/pu/vid/320x180/8lZuFEwaFieY_41p.mp4"
              }
            ]
          }
        }
      ]
    },
    "favorite_count": 7959,
    "favorited": false,
    "geo": null,
    "id": 839484527537876992,
    "id_str": "839484527537876992",
    "in_reply_to_screen_name": null,
    "in_reply_to_status_id": null,
    "in_reply_to_status_id_str": null,
    "in_reply_to_user_id": null,
    "in_reply_to_user_id_str": null,
    "is_quote_status": false,
    "lang": "en",
    "place": null,
    "possibly_sensitive": false,
    "possibly_sensitive_appealable": false,
    "retweet_count": 2551,
    "retweeted": false,
    "source": "<a href=\"https://studio.twitter.com\" rel=\"nofollow\">Media Studio</a>",
    "text": "Today we're celebrating the leaders, innovators, builders, and storytellers @TwitterWomen. #SheInspiresMe https://t.co/8mKqUgaOhK",
    "truncated": false,
    "user": {
      "contributors_enabled": false,
      "created_at": "Tue Feb 20 14:35:54 +0000 2007",
      "default_profile": false,
      "default_profile_image": false,
      "description": "Your official source for news, updates, and tips from Twitter, Inc. Need help? Visit https://t.co/jTMg7YsLw5.",
      "entities": {
        "description": {
          "urls": [
            {
              "display_url": "support.twitter.com",
              "expanded_url": "https://support.twitter.com",
              "indices": [
                85,
                108
              ],
              "url": "https://t.co/jTMg7YsLw5"
            }
          ]
        },
        "url": {
          "urls": [
            {
              "display_url": "blog.twitter.com",
              "expanded_url": "https://blog.twitter.com/",
              "indices": [
                0,
                23
              ],
              "url": "https://t.co/gN5JJwhQy7"
            }
          ]
        }
      },
      "favourites_count": 4128,
      "follow_request_sent": false,
      "followers_count": 60457658,
      "following": false,
      "friends_count": 162,
      "geo_enabled": true,
      "has_extended_profile": true,
      "id": 783214,
      "id_str": "783214",
      "is_translation_enabled": false,
      "is_translator": false,
      "lang": "en",
      "listed_count": 90845,
      "location": "San Francisco, CA",
      "name": "Twitter",
      "notifications": false,
      "profile_background_color": "ACDED6",
      "profile_background_image_url": "http://pbs.twimg.com/profile_background_images/657090062/l1uqey5sy82r9ijhke1i.png",
      "profile_background_image_url_https": "https://pbs.twimg.com/profile_background_images/657090062/l1uqey5sy82r9ijhke1i.png",
      "profile_background_tile": true,
      "profile_banner_url": "https://pbs.twimg.com/profile_banners/783214/1489820041",
      "profile_image_url": "http://pbs.twimg.com/profile_images/842992378960986112/Yd1Z53jW_normal.jpg",
      "profile_image_url_https": "https://pbs.twimg.com/profile_images/842992378960986112/Yd1Z53jW_normal.jpg",
      "profile_link_color": "1B95E0",
      "profile_sidebar_border_color": "FFFFFF",
      "profile_sidebar_fill_color": "F6F6F6",
      "profile_text_color": "333333",
      "profile_use_background_image": true,
      "protected": false,
      "screen_name": "Twitter",
      "statuses_count": 4415,
      "time_zone": "Pacific Time (US & Canada)",
      "translator_type": "regular",
      "url": "https://t.co/gN5JJwhQy7",
      "utc_offset": -25200,
      "verified": true
    }
  }
]
